id,jerarquia_id:id,curso_id:id
jerarquia_curso_line_1,personal_maritimo.jerarquia_1,personal_maritimo.omi_sia
jerarquia_curso_line_2,personal_maritimo.jerarquia_1,personal_maritimo.omi_uosiv
jerarquia_curso_line_3,personal_maritimo.jerarquia_1,personal_maritimo.omi_opb
jerarquia_curso_line_4,personal_maritimo.jerarquia_1,personal_maritimo.omi_smtep
jerarquia_curso_line_5,personal_maritimo.jerarquia_1,personal_maritimo.omi_ggmdss
jerarquia_curso_line_6,personal_maritimo.jerarquia_1,personal_maritimo.omi_radar_gestion
jerarquia_curso_line_7,personal_maritimo.jerarquia_1,personal_maritimo.omi_smesbr
jerarquia_curso_line_8,personal_maritimo.jerarquia_1,personal_maritimo.omi_cm
jerarquia_curso_line_9,personal_maritimo.jerarquia_1,personal_maritimo.omi_falc
jerarquia_curso_line_10,personal_maritimo.jerarquia_1,personal_maritimo.omi_basico
jerarquia_curso_line_11,personal_maritimo.jerarquia_2,personal_maritimo.omi_uosiv
jerarquia_curso_line_12,personal_maritimo.jerarquia_2,personal_maritimo.omi_opb
jerarquia_curso_line_13,personal_maritimo.jerarquia_2,personal_maritimo.omi_smtep
jerarquia_curso_line_14,personal_maritimo.jerarquia_2,personal_maritimo.omi_ggmdss
jerarquia_curso_line_15,personal_maritimo.jerarquia_2,personal_maritimo.omi_radar_gestion
jerarquia_curso_line_16,personal_maritimo.jerarquia_2,personal_maritimo.omi_smesbr
jerarquia_curso_line_17,personal_maritimo.jerarquia_2,personal_maritimo.omi_cm
jerarquia_curso_line_18,personal_maritimo.jerarquia_2,personal_maritimo.omi_falc
jerarquia_curso_line_19,personal_maritimo.jerarquia_2,personal_maritimo.omi_basico
jerarquia_curso_line_20,personal_maritimo.jerarquia_2,personal_maritimo.omi_sia
jerarquia_curso_line_21,personal_maritimo.jerarquia_3,personal_maritimo.omi_smtep
jerarquia_curso_line_22,personal_maritimo.jerarquia_3,personal_maritimo.omi_ggmdss
jerarquia_curso_line_23,personal_maritimo.jerarquia_3,personal_maritimo.omi_cm
jerarquia_curso_line_24,personal_maritimo.jerarquia_3,personal_maritimo.omi_falc
jerarquia_curso_line_25,personal_maritimo.jerarquia_3,personal_maritimo.omi_basico
jerarquia_curso_line_26,personal_maritimo.jerarquia_3,personal_maritimo.omi_opb
jerarquia_curso_line_27,personal_maritimo.jerarquia_3,personal_maritimo.omi_uosiv
jerarquia_curso_line_28,personal_maritimo.jerarquia_3,personal_maritimo.omi_sia
jerarquia_curso_line_29,personal_maritimo.jerarquia_3,personal_maritimo.omi_radar_gestion
jerarquia_curso_line_30,personal_maritimo.jerarquia_3,personal_maritimo.omi_smesbr
jerarquia_curso_line_31,personal_maritimo.jerarquia_4,personal_maritimo.omi_basico
jerarquia_curso_line_32,personal_maritimo.jerarquia_4,personal_maritimo.omi_falc
jerarquia_curso_line_33,personal_maritimo.jerarquia_4,personal_maritimo.omi_cm
jerarquia_curso_line_34,personal_maritimo.jerarquia_4,personal_maritimo.omi_smesbr
jerarquia_curso_line_35,personal_maritimo.jerarquia_4,personal_maritimo.omi_radar_gestion
jerarquia_curso_line_36,personal_maritimo.jerarquia_4,personal_maritimo.omi_ggmdss
jerarquia_curso_line_37,personal_maritimo.jerarquia_4,personal_maritimo.omi_smtep
jerarquia_curso_line_38,personal_maritimo.jerarquia_4,personal_maritimo.omi_opb
jerarquia_curso_line_39,personal_maritimo.jerarquia_4,personal_maritimo.omi_uosiv
jerarquia_curso_line_40,personal_maritimo.jerarquia_4,personal_maritimo.omi_sia
jerarquia_curso_line_41,personal_maritimo.jerarquia_5,personal_maritimo.omi_basico
jerarquia_curso_line_42,personal_maritimo.jerarquia_5,personal_maritimo.omi_falc
jerarquia_curso_line_43,personal_maritimo.jerarquia_5,personal_maritimo.omi_cm
jerarquia_curso_line_44,personal_maritimo.jerarquia_5,personal_maritimo.omi_smesbr
jerarquia_curso_line_45,personal_maritimo.jerarquia_5,personal_maritimo.omi_opb
jerarquia_curso_line_46,personal_maritimo.jerarquia_5,personal_maritimo.omi_scm
jerarquia_curso_line_47,personal_maritimo.jerarquia_6,personal_maritimo.omi_basico
jerarquia_curso_line_48,personal_maritimo.jerarquia_6,personal_maritimo.omi_falc
jerarquia_curso_line_49,personal_maritimo.jerarquia_6,personal_maritimo.omi_smesbr
jerarquia_curso_line_50,personal_maritimo.jerarquia_6,personal_maritimo.omi_opb
jerarquia_curso_line_51,personal_maritimo.jerarquia_6,personal_maritimo.omi_scm
jerarquia_curso_line_52,personal_maritimo.jerarquia_6,personal_maritimo.omi_cm
jerarquia_curso_line_53,personal_maritimo.jerarquia_7,personal_maritimo.omi_basico
jerarquia_curso_line_54,personal_maritimo.jerarquia_7,personal_maritimo.omi_falc
jerarquia_curso_line_55,personal_maritimo.jerarquia_7,personal_maritimo.omi_cm
jerarquia_curso_line_56,personal_maritimo.jerarquia_7,personal_maritimo.omi_smesbr
jerarquia_curso_line_57,personal_maritimo.jerarquia_7,personal_maritimo.omi_opb
jerarquia_curso_line_58,personal_maritimo.jerarquia_7,personal_maritimo.omi_scm
jerarquia_curso_line_59,personal_maritimo.jerarquia_8,personal_maritimo.omi_basico
jerarquia_curso_line_60,personal_maritimo.jerarquia_8,personal_maritimo.omi_falc
jerarquia_curso_line_61,personal_maritimo.jerarquia_8,personal_maritimo.omi_cm
jerarquia_curso_line_62,personal_maritimo.jerarquia_8,personal_maritimo.omi_smesbr
jerarquia_curso_line_63,personal_maritimo.jerarquia_8,personal_maritimo.omi_opb
jerarquia_curso_line_64,personal_maritimo.jerarquia_8,personal_maritimo.omi_scm
jerarquia_curso_line_65,personal_maritimo.jerarquia_9,personal_maritimo.omi_basico
jerarquia_curso_line_66,personal_maritimo.jerarquia_9,personal_maritimo.omi_ggmdss
jerarquia_curso_line_67,personal_maritimo.jerarquia_9,personal_maritimo.omi_smesbr
jerarquia_curso_line_68,personal_maritimo.jerarquia_9,personal_maritimo.omi_opb
jerarquia_curso_line_69,personal_maritimo.jerarquia_10,personal_maritimo.omi_basico
jerarquia_curso_line_70,personal_maritimo.jerarquia_10,personal_maritimo.omi_falc
jerarquia_curso_line_71,personal_maritimo.jerarquia_10,personal_maritimo.omi_smesbr
jerarquia_curso_line_72,personal_maritimo.jerarquia_10,personal_maritimo.omi_opb
jerarquia_curso_line_73,personal_maritimo.jerarquia_10,personal_maritimo.omi_scm
jerarquia_curso_line_74,personal_maritimo.jerarquia_11,personal_maritimo.omi_basico
jerarquia_curso_line_75,personal_maritimo.jerarquia_11,personal_maritimo.omi_falc
jerarquia_curso_line_76,personal_maritimo.jerarquia_11,personal_maritimo.omi_cm
jerarquia_curso_line_77,personal_maritimo.jerarquia_11,personal_maritimo.omi_smesbr
jerarquia_curso_line_78,personal_maritimo.jerarquia_11,personal_maritimo.omi_radar_gestion
jerarquia_curso_line_79,personal_maritimo.jerarquia_11,personal_maritimo.omi_ggmdss
jerarquia_curso_line_80,personal_maritimo.jerarquia_11,personal_maritimo.omi_psp
jerarquia_curso_line_81,personal_maritimo.jerarquia_11,personal_maritimo.omi_uosiv
jerarquia_curso_line_82,personal_maritimo.jerarquia_11,personal_maritimo.omi_smtep
jerarquia_curso_line_83,personal_maritimo.jerarquia_11,personal_maritimo.omi_sia
jerarquia_curso_line_84,personal_maritimo.jerarquia_12,personal_maritimo.omi_basico
jerarquia_curso_line_85,personal_maritimo.jerarquia_12,personal_maritimo.omi_falc
jerarquia_curso_line_86,personal_maritimo.jerarquia_12,personal_maritimo.omi_cm
jerarquia_curso_line_87,personal_maritimo.jerarquia_12,personal_maritimo.omi_smesbr
jerarquia_curso_line_88,personal_maritimo.jerarquia_12,personal_maritimo.omi_radar_gestion
jerarquia_curso_line_89,personal_maritimo.jerarquia_12,personal_maritimo.omi_psp
jerarquia_curso_line_90,personal_maritimo.jerarquia_12,personal_maritimo.omi_rgmdss
jerarquia_curso_line_91,personal_maritimo.jerarquia_12,personal_maritimo.omi_sia
jerarquia_curso_line_92,personal_maritimo.jerarquia_13,personal_maritimo.omi_basico
jerarquia_curso_line_93,personal_maritimo.jerarquia_13,personal_maritimo.omi_smesbr
jerarquia_curso_line_94,personal_maritimo.jerarquia_13,personal_maritimo.omi_psp
jerarquia_curso_line_95,personal_maritimo.jerarquia_14,personal_maritimo.omi_basico
jerarquia_curso_line_96,personal_maritimo.jerarquia_14,personal_maritimo.omi_psp
jerarquia_curso_line_97,personal_maritimo.jerarquia_15,personal_maritimo.omi_basico
jerarquia_curso_line_98,personal_maritimo.jerarquia_15,personal_maritimo.omi_smesbr
jerarquia_curso_line_99,personal_maritimo.jerarquia_15,personal_maritimo.omi_psp
jerarquia_curso_line_100,personal_maritimo.jerarquia_15,personal_maritimo.omi_falc
jerarquia_curso_line_101,personal_maritimo.jerarquia_16,personal_maritimo.omi_basico
jerarquia_curso_line_102,personal_maritimo.jerarquia_16,personal_maritimo.omi_smesbr
jerarquia_curso_line_103,personal_maritimo.jerarquia_16,personal_maritimo.omi_psp
jerarquia_curso_line_104,personal_maritimo.jerarquia_16,personal_maritimo.omi_falc
jerarquia_curso_line_105,personal_maritimo.jerarquia_17,personal_maritimo.omi_basico
jerarquia_curso_line_106,personal_maritimo.jerarquia_17,personal_maritimo.omi_psp
jerarquia_curso_line_107,personal_maritimo.jerarquia_17,personal_maritimo.omi_falc
jerarquia_curso_line_108,personal_maritimo.jerarquia_18,personal_maritimo.formacion_18
jerarquia_curso_line_109,personal_maritimo.jerarquia_18,personal_maritimo.omi_basico
jerarquia_curso_line_110,personal_maritimo.jerarquia_18,personal_maritimo.omi_ggmdss
jerarquia_curso_line_111,personal_maritimo.jerarquia_18,personal_maritimo.omi_smesbr
jerarquia_curso_line_112,personal_maritimo.jerarquia_19,personal_maritimo.formacion_19
jerarquia_curso_line_113,personal_maritimo.jerarquia_19,personal_maritimo.omi_basico
jerarquia_curso_line_114,personal_maritimo.jerarquia_19,personal_maritimo.omi_smesbr
jerarquia_curso_line_115,personal_maritimo.jerarquia_20,personal_maritimo.omi_basico
jerarquia_curso_line_116,personal_maritimo.jerarquia_20,personal_maritimo.omi_smesbr
jerarquia_curso_line_117,personal_maritimo.jerarquia_21,personal_maritimo.omi_basico
jerarquia_curso_line_118,personal_maritimo.jerarquia_22,personal_maritimo.omi_basico
jerarquia_curso_line_119,personal_maritimo.jerarquia_23,personal_maritimo.omi_basico
jerarquia_curso_line_120,personal_maritimo.jerarquia_24,personal_maritimo.omi_basico
jerarquia_curso_line_121,personal_maritimo.jerarquia_25,personal_maritimo.omi_basico
jerarquia_curso_line_122,personal_maritimo.jerarquia_26,personal_maritimo.omi_basico
jerarquia_curso_line_123,personal_maritimo.jerarquia_27,personal_maritimo.omi_basico
jerarquia_curso_line_124,personal_maritimo.jerarquia_28,personal_maritimo.omi_basico
jerarquia_curso_line_125,personal_maritimo.jerarquia_29,personal_maritimo.omi_basico
jerarquia_curso_line_126,personal_maritimo.jerarquia_30,personal_maritimo.omi_basico
jerarquia_curso_line_127,personal_maritimo.jerarquia_30,personal_maritimo.omi_psp
jerarquia_curso_line_128,personal_maritimo.jerarquia_30,personal_maritimo.omi_cmbp
jerarquia_curso_line_129,personal_maritimo.jerarquia_30,personal_maritimo.omi_spbp
jerarquia_curso_line_130,personal_maritimo.jerarquia_30,personal_maritimo.omi_cgcc
jerarquia_curso_line_131,personal_maritimo.jerarquia_31,personal_maritimo.omi_basico
jerarquia_curso_line_132,personal_maritimo.jerarquia_31,personal_maritimo.omi_psp
jerarquia_curso_line_133,personal_maritimo.jerarquia_31,personal_maritimo.omi_cmbp
jerarquia_curso_line_134,personal_maritimo.jerarquia_31,personal_maritimo.omi_cgcc
jerarquia_curso_line_135,personal_maritimo.jerarquia_31,personal_maritimo.omi_spbp
jerarquia_curso_line_136,personal_maritimo.jerarquia_32,personal_maritimo.omi_basico
jerarquia_curso_line_137,personal_maritimo.jerarquia_32,personal_maritimo.omi_psp
jerarquia_curso_line_138,personal_maritimo.jerarquia_32,personal_maritimo.omi_cmbp
jerarquia_curso_line_139,personal_maritimo.jerarquia_32,personal_maritimo.omi_cgcc
jerarquia_curso_line_140,personal_maritimo.jerarquia_32,personal_maritimo.omi_spbp
jerarquia_curso_line_141,personal_maritimo.jerarquia_33,personal_maritimo.omi_basico
jerarquia_curso_line_142,personal_maritimo.jerarquia_33,personal_maritimo.omi_psp
jerarquia_curso_line_143,personal_maritimo.jerarquia_33,personal_maritimo.omi_cmbp
jerarquia_curso_line_144,personal_maritimo.jerarquia_33,personal_maritimo.omi_cgcc
jerarquia_curso_line_145,personal_maritimo.jerarquia_33,personal_maritimo.omi_spbp
jerarquia_curso_line_146,personal_maritimo.jerarquia_34,personal_maritimo.omi_basico
jerarquia_curso_line_147,personal_maritimo.jerarquia_34,personal_maritimo.omi_cmbp
jerarquia_curso_line_148,personal_maritimo.jerarquia_34,personal_maritimo.omi_cgcc
jerarquia_curso_line_149,personal_maritimo.jerarquia_34,personal_maritimo.omi_spbp
jerarquia_curso_line_150,personal_maritimo.jerarquia_34,personal_maritimo.omi_psp
jerarquia_curso_line_151,personal_maritimo.jerarquia_35,personal_maritimo.omi_basico
jerarquia_curso_line_152,personal_maritimo.jerarquia_35,personal_maritimo.omi_psp
jerarquia_curso_line_153,personal_maritimo.jerarquia_35,personal_maritimo.omi_cmbp
jerarquia_curso_line_154,personal_maritimo.jerarquia_35,personal_maritimo.omi_cgcc
jerarquia_curso_line_155,personal_maritimo.jerarquia_35,personal_maritimo.omi_spbp
jerarquia_curso_line_156,personal_maritimo.jerarquia_36,personal_maritimo.omi_basico
jerarquia_curso_line_157,personal_maritimo.jerarquia_36,personal_maritimo.omi_smesbr
jerarquia_curso_line_158,personal_maritimo.jerarquia_36,personal_maritimo.omi_psp
jerarquia_curso_line_159,personal_maritimo.jerarquia_36,personal_maritimo.omi_cmbp
jerarquia_curso_line_160,personal_maritimo.jerarquia_36,personal_maritimo.omi_cgcc
jerarquia_curso_line_161,personal_maritimo.jerarquia_36,personal_maritimo.omi_spbp
jerarquia_curso_line_162,personal_maritimo.jerarquia_37,personal_maritimo.omi_basico
jerarquia_curso_line_163,personal_maritimo.jerarquia_37,personal_maritimo.omi_psp
jerarquia_curso_line_164,personal_maritimo.jerarquia_37,personal_maritimo.omi_cmbp
jerarquia_curso_line_165,personal_maritimo.jerarquia_37,personal_maritimo.omi_cgcc
jerarquia_curso_line_166,personal_maritimo.jerarquia_37,personal_maritimo.omi_spbp
jerarquia_curso_line_167,personal_maritimo.jerarquia_38,personal_maritimo.omi_basico
jerarquia_curso_line_168,personal_maritimo.jerarquia_38,personal_maritimo.omi_psp
jerarquia_curso_line_169,personal_maritimo.jerarquia_38,personal_maritimo.omi_cmbp
jerarquia_curso_line_170,personal_maritimo.jerarquia_38,personal_maritimo.omi_cgcc
jerarquia_curso_line_171,personal_maritimo.jerarquia_38,personal_maritimo.omi_spbp
jerarquia_curso_line_172,personal_maritimo.jerarquia_39,personal_maritimo.omi_basico
jerarquia_curso_line_173,personal_maritimo.jerarquia_39,personal_maritimo.omi_psp
jerarquia_curso_line_174,personal_maritimo.jerarquia_39,personal_maritimo.omi_cmbp
jerarquia_curso_line_175,personal_maritimo.jerarquia_39,personal_maritimo.omi_cgcc
jerarquia_curso_line_176,personal_maritimo.jerarquia_39,personal_maritimo.omi_spbp
jerarquia_curso_line_177,personal_maritimo.jerarquia_40,personal_maritimo.omi_basico
jerarquia_curso_line_178,personal_maritimo.jerarquia_40,personal_maritimo.omi_psp
jerarquia_curso_line_179,personal_maritimo.jerarquia_40,personal_maritimo.omi_cmbp
jerarquia_curso_line_180,personal_maritimo.jerarquia_40,personal_maritimo.omi_cgcc
jerarquia_curso_line_181,personal_maritimo.jerarquia_40,personal_maritimo.omi_spbp
jerarquia_curso_line_182,personal_maritimo.jerarquia_41,personal_maritimo.omi_basico
jerarquia_curso_line_183,personal_maritimo.jerarquia_41,personal_maritimo.omi_psp
jerarquia_curso_line_184,personal_maritimo.jerarquia_41,personal_maritimo.omi_cgcc
jerarquia_curso_line_185,personal_maritimo.jerarquia_41,personal_maritimo.omi_spbp
jerarquia_curso_line_186,personal_maritimo.jerarquia_42,personal_maritimo.omi_basico